{
  "Packages": [
    {
      "Package": {
        "Id": "UiPath.Excel.Activities",
        "Version": "2.6.3"
      },
      "Assemblies": [
        "C:\\Users\\SP00486268\\.nuget\\packages\\closedxml/0.87.1\\lib/net40/ClosedXML.dll",
        "C:\\Users\\SP00486268\\.nuget\\packages\\csvhelper/2.13.5\\lib/net40-client/CsvHelper.dll",
        "C:\\Users\\SP00486268\\.nuget\\packages\\documentformat.openxml/2.5.0\\lib/DocumentFormat.OpenXml.dll",
        "C:\\Users\\SP00486268\\.nuget\\packages\\microsoft.visualstudio.ole.interop/7.10.6071\\lib/Microsoft.VisualStudio.OLE.Interop.dll",
        "C:\\Users\\SP00486268\\.nuget\\packages\\npoi/2.4.1\\lib/net45/NPOI.OOXML.dll",
        "C:\\Users\\SP00486268\\.nuget\\packages\\npoi/2.4.1\\lib/net45/NPOI.OpenXml4Net.dll",
        "C:\\Users\\SP00486268\\.nuget\\packages\\npoi/2.4.1\\lib/net45/NPOI.OpenXmlFormats.dll",
        "C:\\Users\\SP00486268\\.nuget\\packages\\npoi/2.4.1\\lib/net45/NPOI.dll",
        "C:\\Users\\SP00486268\\.nuget\\packages\\sharpziplib/1.0.0\\lib/net45/ICSharpCode.SharpZipLib.dll",
        "C:\\Users\\SP00486268\\.nuget\\packages\\uipath.excel.activities/2.6.3\\lib/net461/UiPath.Excel.Activities.Design.dll",
        "C:\\Users\\SP00486268\\.nuget\\packages\\uipath.excel.activities/2.6.3\\lib/net461/UiPath.Excel.Activities.dll",
        "C:\\Users\\SP00486268\\.nuget\\packages\\uipath.excel.activities/2.6.3\\lib/net461/UiPath.Excel.dll"
      ]
    },
    {
      "Package": {
        "Id": "UiPath.Mail.Activities",
        "Version": "1.7.0-alpha.457851"
      },
      "Assemblies": [
        "C:\\Users\\SP00486268\\.nuget\\packages\\bouncycastle/1.8.5\\lib/BouncyCastle.Crypto.dll",
        "C:\\Users\\SP00486268\\.nuget\\packages\\interop.domino.dll/1.0.0\\lib/Interop.Domino.dll",
        "C:\\Users\\SP00486268\\.nuget\\packages\\microsoft.exchange.webservices/2.2.0\\lib/40/Microsoft.Exchange.WebServices.Auth.dll",
        "C:\\Users\\SP00486268\\.nuget\\packages\\microsoft.exchange.webservices/2.2.0\\lib/40/Microsoft.Exchange.WebServices.dll",
        "C:\\Users\\SP00486268\\.nuget\\packages\\system.valuetuple/4.5.0\\lib/net461/System.ValueTuple.dll",
        "C:\\Users\\SP00486268\\.nuget\\packages\\uipath.mail.activities/1.7.0-alpha.457851\\lib/net461/MailKit.dll",
        "C:\\Users\\SP00486268\\.nuget\\packages\\uipath.mail.activities/1.7.0-alpha.457851\\lib/net461/MimeKit.dll",
        "C:\\Users\\SP00486268\\.nuget\\packages\\uipath.mail.activities/1.7.0-alpha.457851\\lib/net461/UiPath.Mail.Activities.Design.dll",
        "C:\\Users\\SP00486268\\.nuget\\packages\\uipath.mail.activities/1.7.0-alpha.457851\\lib/net461/UiPath.Mail.Activities.dll",
        "C:\\Users\\SP00486268\\.nuget\\packages\\uipath.mail.activities/1.7.0-alpha.457851\\lib/net461/UiPath.Mail.dll"
      ]
    },
    {
      "Package": {
        "Id": "UiPath.System.Activities",
        "Version": "19.9.0-alpha.459791"
      },
      "Assemblies": [
        "C:\\Users\\SP00486268\\.nuget\\packages\\csvhelper/2.13.5\\lib/net40-client/CsvHelper.dll",
        "C:\\Users\\SP00486268\\.nuget\\packages\\microsoft.aspnet.signalr.client/2.4.0\\lib/net45/Microsoft.AspNet.SignalR.Client.dll",
        "C:\\Users\\SP00486268\\.nuget\\packages\\microsoft.rest.clientruntime/2.3.20\\lib/net461/Microsoft.Rest.ClientRuntime.dll",
        "C:\\Users\\SP00486268\\.nuget\\packages\\newtonsoft.json/11.0.2\\lib/net45/Newtonsoft.Json.dll",
        "C:\\Users\\SP00486268\\.nuget\\packages\\uipath.system.activities/19.9.0-alpha.459791\\lib/net461/ActiproSoftware.Docking.Wpf.dll",
        "C:\\Users\\SP00486268\\.nuget\\packages\\uipath.system.activities/19.9.0-alpha.459791\\lib/net461/ActiproSoftware.Ribbon.Wpf.dll",
        "C:\\Users\\SP00486268\\.nuget\\packages\\uipath.system.activities/19.9.0-alpha.459791\\lib/net461/ActiproSoftware.Shared.Wpf.dll",
        "C:\\Users\\SP00486268\\.nuget\\packages\\uipath.system.activities/19.9.0-alpha.459791\\lib/net461/ActiproSoftware.SyntaxEditor.Addons.DotNet.Wpf.dll",
        "C:\\Users\\SP00486268\\.nuget\\packages\\uipath.system.activities/19.9.0-alpha.459791\\lib/net461/ActiproSoftware.SyntaxEditor.Wpf.dll",
        "C:\\Users\\SP00486268\\.nuget\\packages\\uipath.system.activities/19.9.0-alpha.459791\\lib/net461/ActiproSoftware.Text.Addons.DotNet.Wpf.dll",
        "C:\\Users\\SP00486268\\.nuget\\packages\\uipath.system.activities/19.9.0-alpha.459791\\lib/net461/ActiproSoftware.Text.LLParser.Wpf.dll",
        "C:\\Users\\SP00486268\\.nuget\\packages\\uipath.system.activities/19.9.0-alpha.459791\\lib/net461/ActiproSoftware.Text.Wpf.dll",
        "C:\\Users\\SP00486268\\.nuget\\packages\\uipath.system.activities/19.9.0-alpha.459791\\lib/net461/ActiproSoftware.Wizard.Wpf.dll",
        "C:\\Users\\SP00486268\\.nuget\\packages\\uipath.system.activities/19.9.0-alpha.459791\\lib/net461/UiPath.OrchestratorClient.dll",
        "C:\\Users\\SP00486268\\.nuget\\packages\\uipath.system.activities/19.9.0-alpha.459791\\lib/net461/UiPath.System.Activities.Design.dll",
        "C:\\Users\\SP00486268\\.nuget\\packages\\uipath.system.activities/19.9.0-alpha.459791\\lib/net461/UiPath.System.Activities.dll"
      ]
    },
    {
      "Package": {
        "Id": "UiPath.UIAutomation.Activities",
        "Version": "19.8.0-beta.471942"
      },
      "Assemblies": [
        "C:\\Users\\SP00486268\\.nuget\\packages\\avalonedit/5.0.3\\lib/Net40/ICSharpCode.AvalonEdit.dll",
        "C:\\Users\\SP00486268\\.nuget\\packages\\extended.wpf.toolkit/2.8.0\\lib/net40/Xceed.Wpf.AvalonDock.Themes.Aero.dll",
        "C:\\Users\\SP00486268\\.nuget\\packages\\extended.wpf.toolkit/2.8.0\\lib/net40/Xceed.Wpf.AvalonDock.Themes.Metro.dll",
        "C:\\Users\\SP00486268\\.nuget\\packages\\extended.wpf.toolkit/2.8.0\\lib/net40/Xceed.Wpf.AvalonDock.Themes.VS2010.dll",
        "C:\\Users\\SP00486268\\.nuget\\packages\\extended.wpf.toolkit/2.8.0\\lib/net40/Xceed.Wpf.AvalonDock.dll",
        "C:\\Users\\SP00486268\\.nuget\\packages\\extended.wpf.toolkit/2.8.0\\lib/net40/Xceed.Wpf.DataGrid.dll",
        "C:\\Users\\SP00486268\\.nuget\\packages\\extended.wpf.toolkit/2.8.0\\lib/net40/Xceed.Wpf.Toolkit.dll",
        "C:\\Users\\SP00486268\\.nuget\\packages\\humanizer.core/2.4.2\\lib/netstandard2.0/Humanizer.dll",
        "C:\\Users\\SP00486268\\.nuget\\packages\\uipath/19.8.7173.31251-ce\\lib/UiPath.Interop.dll",
        "C:\\Users\\SP00486268\\.nuget\\packages\\uipath.ocr.contracts/2.1.0\\lib/net45/UiPath.OCR.Contracts.dll",
        "C:\\Users\\SP00486268\\.nuget\\packages\\uipath.uiautomation.activities/19.8.0-beta.471942\\lib/net461/ActiproSoftware.DataGrid.Contrib.Wpf.dll",
        "C:\\Users\\SP00486268\\.nuget\\packages\\uipath.uiautomation.activities/19.8.0-beta.471942\\lib/net461/ActiproSoftware.Docking.Wpf.dll",
        "C:\\Users\\SP00486268\\.nuget\\packages\\uipath.uiautomation.activities/19.8.0-beta.471942\\lib/net461/ActiproSoftware.Editors.Wpf.dll",
        "C:\\Users\\SP00486268\\.nuget\\packages\\uipath.uiautomation.activities/19.8.0-beta.471942\\lib/net461/ActiproSoftware.Ribbon.Wpf.dll",
        "C:\\Users\\SP00486268\\.nuget\\packages\\uipath.uiautomation.activities/19.8.0-beta.471942\\lib/net461/ActiproSoftware.Shared.Wpf.dll",
        "C:\\Users\\SP00486268\\.nuget\\packages\\uipath.uiautomation.activities/19.8.0-beta.471942\\lib/net461/ActiproSoftware.SyntaxEditor.Addons.DotNet.Wpf.dll",
        "C:\\Users\\SP00486268\\.nuget\\packages\\uipath.uiautomation.activities/19.8.0-beta.471942\\lib/net461/ActiproSoftware.SyntaxEditor.Wpf.dll",
        "C:\\Users\\SP00486268\\.nuget\\packages\\uipath.uiautomation.activities/19.8.0-beta.471942\\lib/net461/ActiproSoftware.Text.Addons.DotNet.Wpf.dll",
        "C:\\Users\\SP00486268\\.nuget\\packages\\uipath.uiautomation.activities/19.8.0-beta.471942\\lib/net461/ActiproSoftware.Text.LLParser.Wpf.dll",
        "C:\\Users\\SP00486268\\.nuget\\packages\\uipath.uiautomation.activities/19.8.0-beta.471942\\lib/net461/ActiproSoftware.Text.Wpf.dll",
        "C:\\Users\\SP00486268\\.nuget\\packages\\uipath.uiautomation.activities/19.8.0-beta.471942\\lib/net461/ActiproSoftware.Wizard.Wpf.dll",
        "C:\\Users\\SP00486268\\.nuget\\packages\\uipath.uiautomation.activities/19.8.0-beta.471942\\lib/net461/UiPath.UIAutomation.Activities.Design.dll",
        "C:\\Users\\SP00486268\\.nuget\\packages\\uipath.uiautomation.activities/19.8.0-beta.471942\\lib/net461/UiPath.UiAutomation.Activities.dll",
        "C:\\Users\\SP00486268\\.nuget\\packages\\uipath.uiautomation.activities/19.8.0-beta.471942\\lib/net461/UiPath.Wizards.dll",
        "C:\\Users\\SP00486268\\.nuget\\packages\\uipath.vision/1.7.0\\lib/net452/UiPath.Vision.AbbyyCloud.dll",
        "C:\\Users\\SP00486268\\.nuget\\packages\\uipath.vision/1.7.0\\lib/net452/UiPath.Vision.AbbyyFRE11.dll",
        "C:\\Users\\SP00486268\\.nuget\\packages\\uipath.vision/1.7.0\\lib/net452/UiPath.Vision.AbbyyFRE12.dll",
        "C:\\Users\\SP00486268\\.nuget\\packages\\uipath.vision/1.7.0\\lib/net452/UiPath.Vision.AbbyyFRECommon.dll",
        "C:\\Users\\SP00486268\\.nuget\\packages\\uipath.vision/1.7.0\\lib/net452/UiPath.Vision.AzureComputerVision.dll",
        "C:\\Users\\SP00486268\\.nuget\\packages\\uipath.vision/1.7.0\\lib/net452/UiPath.Vision.Core.dll",
        "C:\\Users\\SP00486268\\.nuget\\packages\\uipath.vision/1.7.0\\lib/net452/UiPath.Vision.GoogleCloud.dll",
        "C:\\Users\\SP00486268\\.nuget\\packages\\uipath.vision/1.7.0\\lib/net452/UiPath.Vision.Microsoft.dll",
        "C:\\Users\\SP00486268\\.nuget\\packages\\uipath.vision/1.7.0\\lib/net452/UiPath.Vision.MicrosoftCloud.dll",
        "C:\\Users\\SP00486268\\.nuget\\packages\\uipath.vision/1.7.0\\lib/net452/UiPath.Vision.Tesseract.dll",
        "C:\\Users\\SP00486268\\.nuget\\packages\\uipath.vision/1.7.0\\lib/net452/UiPath.Vision.dll"
      ]
    },
    {
      "Package": {
        "Id": "UiPath.Form.Activities",
        "Version": "1.0.0-beta.461593"
      },
      "Assemblies": [
        "C:\\Users\\SP00486268\\.nuget\\packages\\newtonsoft.json/11.0.2\\lib/net45/Newtonsoft.Json.dll",
        "C:\\Users\\SP00486268\\.nuget\\packages\\system.runtime.compilerservices.unsafe/4.5.2\\lib/netstandard2.0/System.Runtime.CompilerServices.Unsafe.dll",
        "C:\\Users\\SP00486268\\.nuget\\packages\\uipath.cefsharpbundle/1.0.1\\lib/net452/CefSharp.BrowserSubprocess.Core.dll",
        "C:\\Users\\SP00486268\\.nuget\\packages\\uipath.cefsharpbundle/1.0.1\\lib/net452/CefSharp.Core.dll",
        "C:\\Users\\SP00486268\\.nuget\\packages\\uipath.cefsharpbundle/1.0.1\\lib/net452/CefSharp.Wpf.dll",
        "C:\\Users\\SP00486268\\.nuget\\packages\\uipath.cefsharpbundle/1.0.1\\lib/net452/CefSharp.dll",
        "C:\\Users\\SP00486268\\.nuget\\packages\\uipath.cefsharpbundle/1.0.1\\lib/net452/UiPath.CEFSharpBundle.dll",
        "C:\\Users\\SP00486268\\.nuget\\packages\\uipath.cefsharpbundle/1.0.1\\lib/net452/chrome_elf.dll",
        "C:\\Users\\SP00486268\\.nuget\\packages\\uipath.cefsharpbundle/1.0.1\\lib/net452/d3dcompiler_47.dll",
        "C:\\Users\\SP00486268\\.nuget\\packages\\uipath.cefsharpbundle/1.0.1\\lib/net452/libEGL.dll",
        "C:\\Users\\SP00486268\\.nuget\\packages\\uipath.cefsharpbundle/1.0.1\\lib/net452/libGLESv2.dll",
        "C:\\Users\\SP00486268\\.nuget\\packages\\uipath.cefsharpbundle/1.0.1\\lib/net452/libcef.dll",
        "C:\\Users\\SP00486268\\.nuget\\packages\\uipath.cefsharpbundle/1.0.1\\lib/net452/msvcp140.dll",
        "C:\\Users\\SP00486268\\.nuget\\packages\\uipath.cefsharpbundle/1.0.1\\lib/net452/swiftshader/libEGL.dll",
        "C:\\Users\\SP00486268\\.nuget\\packages\\uipath.cefsharpbundle/1.0.1\\lib/net452/swiftshader/libGLESv2.dll",
        "C:\\Users\\SP00486268\\.nuget\\packages\\uipath.cefsharpbundle/1.0.1\\lib/net452/vcruntime140.dll",
        "C:\\Users\\SP00486268\\.nuget\\packages\\uipath.form.activities/1.0.0-beta.461593\\lib/net461/UiPath.Form.Activities.Design.dll",
        "C:\\Users\\SP00486268\\.nuget\\packages\\uipath.form.activities/1.0.0-beta.461593\\lib/net461/UiPath.Form.Activities.dll",
        "C:\\Users\\SP00486268\\.nuget\\packages\\uipath.form.activities/1.0.0-beta.461593\\lib/net461/UiPath.Form.Host.Local.dll",
        "C:\\Users\\SP00486268\\.nuget\\packages\\uipath.form.activities/1.0.0-beta.461593\\lib/net461/UiPath.Form.dll",
        "C:\\Users\\SP00486268\\.nuget\\packages\\uipath.form.activities/1.0.0-beta.461593\\lib/net461/UiPath.OutOfProcessUi.Common.dll",
        "C:\\Users\\SP00486268\\.nuget\\packages\\uipath.form.activitylibrary/1.0.0-beta.461593\\lib/net461/UiPath.Form.ActivityLibrary.dll",
        "C:\\Users\\SP00486268\\.nuget\\packages\\uipath.form.activitylibrary/1.0.0-beta.461593\\lib/net461/UiPath.Form.Host.Local.dll",
        "C:\\Users\\SP00486268\\.nuget\\packages\\uipath.form.activitylibrary/1.0.0-beta.461593\\lib/net461/UiPath.Form.dll",
        "C:\\Users\\SP00486268\\.nuget\\packages\\uipath.form.activitylibrary/1.0.0-beta.461593\\lib/net461/UiPath.OutOfProcessUi.Common.dll"
      ]
    },
    {
      "Package": {
        "Id": "UiPathTeam.JsonDataConverter.Activities",
        "Version": "1.1.0"
      },
      "Assemblies": [
        "C:\\Users\\SP00486268\\.nuget\\packages\\newtonsoft.json/11.0.2\\lib/net45/Newtonsoft.Json.dll",
        "C:\\Users\\SP00486268\\.nuget\\packages\\uipathteam.jsondataconverter.activities/1.1.0\\lib/JsonDataConversion.dll"
      ]
    }
  ],
  "Conflicts": [],
  "ResolvedDependencies": {
    "AvalonEdit": {
      "Id": "AvalonEdit",
      "Version": "5.0.3",
      "Dependencies": []
    },
    "BouncyCastle": {
      "Id": "BouncyCastle",
      "Version": "1.8.5",
      "Dependencies": []
    },
    "ClosedXML": {
      "Id": "ClosedXML",
      "Version": "0.87.1",
      "Dependencies": [
        {
          "Item1": "DocumentFormat.OpenXml",
          "Item2": "[2.5.0, )"
        }
      ]
    },
    "CsvHelper": {
      "Id": "CsvHelper",
      "Version": "2.13.5",
      "Dependencies": []
    },
    "DocumentFormat.OpenXml": {
      "Id": "DocumentFormat.OpenXml",
      "Version": "2.5.0",
      "Dependencies": []
    },
    "Extended.Wpf.Toolkit": {
      "Id": "Extended.Wpf.Toolkit",
      "Version": "2.8.0",
      "Dependencies": []
    },
    "Humanizer.Core": {
      "Id": "Humanizer.Core",
      "Version": "2.4.2",
      "Dependencies": []
    },
    "interop.domino.dll": {
      "Id": "interop.domino.dll",
      "Version": "1.0.0",
      "Dependencies": []
    },
    "Microsoft.AspNet.SignalR.Client": {
      "Id": "Microsoft.AspNet.SignalR.Client",
      "Version": "2.4.0",
      "Dependencies": [
        {
          "Item1": "Newtonsoft.Json",
          "Item2": "[6.0.4, )"
        }
      ]
    },
    "Microsoft.Exchange.WebServices": {
      "Id": "Microsoft.Exchange.WebServices",
      "Version": "2.2.0",
      "Dependencies": []
    },
    "Microsoft.Rest.ClientRuntime": {
      "Id": "Microsoft.Rest.ClientRuntime",
      "Version": "2.3.20",
      "Dependencies": [
        {
          "Item1": "Newtonsoft.Json",
          "Item2": "[10.0.3, )"
        }
      ]
    },
    "Microsoft.VisualStudio.OLE.Interop": {
      "Id": "Microsoft.VisualStudio.OLE.Interop",
      "Version": "7.10.6071",
      "Dependencies": []
    },
    "Newtonsoft.Json": {
      "Id": "Newtonsoft.Json",
      "Version": "11.0.2",
      "Dependencies": []
    },
    "NPOI": {
      "Id": "NPOI",
      "Version": "2.4.1",
      "Dependencies": [
        {
          "Item1": "SharpZipLib",
          "Item2": "[1.0.0, )"
        }
      ]
    },
    "SharpZipLib": {
      "Id": "SharpZipLib",
      "Version": "1.0.0",
      "Dependencies": []
    },
    "System.Runtime.CompilerServices.Unsafe": {
      "Id": "System.Runtime.CompilerServices.Unsafe",
      "Version": "4.5.2",
      "Dependencies": []
    },
    "System.ValueTuple": {
      "Id": "System.ValueTuple",
      "Version": "4.5.0",
      "Dependencies": []
    },
    "UiPath": {
      "Id": "UiPath",
      "Version": "19.8.7173.31251-ce",
      "Dependencies": []
    },
    "UiPath.CefSharpBundle": {
      "Id": "UiPath.CefSharpBundle",
      "Version": "1.0.1",
      "Dependencies": []
    },
    "UiPath.Excel.Activities": {
      "Id": "UiPath.Excel.Activities",
      "Version": "2.6.3",
      "Dependencies": [
        {
          "Item1": "ClosedXML",
          "Item2": "[0.87.1, )"
        },
        {
          "Item1": "CsvHelper",
          "Item2": "[2.13.5, )"
        },
        {
          "Item1": "DocumentFormat.OpenXml",
          "Item2": "[2.5.0, )"
        },
        {
          "Item1": "Microsoft.VisualStudio.OLE.Interop",
          "Item2": "[7.10.6071, )"
        },
        {
          "Item1": "NPOI",
          "Item2": "[2.4.1, )"
        },
        {
          "Item1": "SharpZipLib",
          "Item2": "[1.0.0, )"
        }
      ]
    },
    "UiPath.Form.Activities": {
      "Id": "UiPath.Form.Activities",
      "Version": "1.0.0-beta.461593",
      "Dependencies": [
        {
          "Item1": "Newtonsoft.Json",
          "Item2": "[11.0.2, )"
        },
        {
          "Item1": "System.Runtime.CompilerServices.Unsafe",
          "Item2": "[4.5.2, )"
        },
        {
          "Item1": "UiPath.CefSharpBundle",
          "Item2": "[1.0.1, )"
        },
        {
          "Item1": "UiPath.Form.ActivityLibrary",
          "Item2": "[1.0.0-beta.461593, )"
        }
      ]
    },
    "UiPath.Form.ActivityLibrary": {
      "Id": "UiPath.Form.ActivityLibrary",
      "Version": "1.0.0-beta.461593",
      "Dependencies": [
        {
          "Item1": "Newtonsoft.Json",
          "Item2": "[11.0.2, )"
        },
        {
          "Item1": "System.Runtime.CompilerServices.Unsafe",
          "Item2": "[4.5.2, )"
        },
        {
          "Item1": "UiPath.CefSharpBundle",
          "Item2": "[1.0.1, )"
        }
      ]
    },
    "UiPath.Mail.Activities": {
      "Id": "UiPath.Mail.Activities",
      "Version": "1.7.0-alpha.457851",
      "Dependencies": [
        {
          "Item1": "System.ValueTuple",
          "Item2": "[4.5.0, )"
        },
        {
          "Item1": "Microsoft.Exchange.WebServices",
          "Item2": "[2.2.0, )"
        },
        {
          "Item1": "BouncyCastle",
          "Item2": "[1.8.5, )"
        },
        {
          "Item1": "interop.domino.dll",
          "Item2": "[1.0.0, )"
        }
      ]
    },
    "UiPath.OCR.Contracts": {
      "Id": "UiPath.OCR.Contracts",
      "Version": "2.1.0",
      "Dependencies": []
    },
    "UiPath.System.Activities": {
      "Id": "UiPath.System.Activities",
      "Version": "19.9.0-alpha.459791",
      "Dependencies": [
        {
          "Item1": "CsvHelper",
          "Item2": "[2.13.5, )"
        },
        {
          "Item1": "Microsoft.AspNet.SignalR.Client",
          "Item2": "[2.4.0, )"
        },
        {
          "Item1": "Microsoft.Rest.ClientRuntime",
          "Item2": "[2.3.20, )"
        },
        {
          "Item1": "Newtonsoft.Json",
          "Item2": "[11.0.2, )"
        }
      ]
    },
    "UiPath.UIAutomation.Activities": {
      "Id": "UiPath.UIAutomation.Activities",
      "Version": "19.8.0-beta.471942",
      "Dependencies": [
        {
          "Item1": "UiPath",
          "Item2": "[19.8.7173.31251-ce, )"
        },
        {
          "Item1": "UiPath.Vision",
          "Item2": "[1.7.0, )"
        },
        {
          "Item1": "UiPath.OCR.Contracts",
          "Item2": "[2.1.0, )"
        },
        {
          "Item1": "AvalonEdit",
          "Item2": "[5.0.3, )"
        },
        {
          "Item1": "Extended.Wpf.Toolkit",
          "Item2": "[2.8.0, )"
        },
        {
          "Item1": "Humanizer.Core",
          "Item2": "[2.4.2, )"
        }
      ]
    },
    "UiPath.Vision": {
      "Id": "UiPath.Vision",
      "Version": "1.7.0",
      "Dependencies": []
    },
    "UiPathTeam.JsonDataConverter.Activities": {
      "Id": "UiPathTeam.JsonDataConverter.Activities",
      "Version": "1.1.0",
      "Dependencies": [
        {
          "Item1": "Newtonsoft.Json",
          "Item2": "[10.0.3, )"
        }
      ]
    }
  }
}